Modelo,Umbral,Precision,Recall
Gemma3_27B,0.05,0.92,1.0
Gemma3_27B,0.1,0.92,1.0
Gemma3_27B,0.15,0.92,1.0
Gemma3_27B,0.2,0.92,1.0
Gemma3_27B,0.25,0.92,1.0
Gemma3_27B,0.3,0.92,1.0
Gemma3_27B,0.35,0.92,1.0
Gemma3_27B,0.4,0.93,1.0
Gemma3_27B,0.45,0.93,1.0
Gemma3_27B,0.5,0.93,0.99
Gemma3_27B,0.55,0.93,0.98
Gemma3_27B,0.6,0.94,0.97
Gemma3_27B,0.65,0.94,0.95
Gemma3_27B,0.7,0.95,0.92
Gemma3_27B,0.75,0.96,0.9
Gemma3_27B,0.8,0.97,0.86
Gemma3_27B,0.85,0.97,0.81
Gemma3_27B,0.9,0.98,0.73
Gemma3_27B,0.95,1.0,0.62
